{
  "kitchen_03": {
    "embedding_stats": {
      "goal_embeddings": {
        "count": 31,
        "dimension": 3072,
        "norm_mean": 0.9999999898955956,
        "norm_std": 1.7785471921812345e-10,
        "internal_similarity": {
          "min": 0.1827301889315515,
          "max": 0.8356850384821649,
          "mean": 0.4906423311332511,
          "std": 0.10359045084282836,
          "p50": 0.4910433100970107,
          "p75": 0.556917414758953,
          "p90": 0.6248193508246355,
          "p95": 0.6678002752473251
        }
      },
      "step_embeddings": {
        "count": 31,
        "dimension": 3072,
        "norm_mean": 0.9999999884536317,
        "norm_std": 1.2946125628606422e-09,
        "internal_similarity": {
          "min": 0.11093828197439592,
          "max": 0.8007290324312669,
          "mean": 0.48248391730989665,
          "std": 0.12740965938095591,
          "p50": 0.48287061236164774,
          "p75": 0.5815047773337977,
          "p90": 0.6390265833586594,
          "p95": 0.6887291972537254
        }
      }
    },
    "retrieval_metrics": {
      "threshold_analysis": {
        "0.0": {
          "avg_retrieved": 31.0,
          "avg_relevant": 10.0,
          "recall@1": 0.214,
          "recall@3": 0.167,
          "recall@5": 0.157,
          "precision": 0.323,
          "mrr": 0.388,
          "coverage": 1.0,
          "zero_recall_count": 0
        },
        "0.05": {
          "avg_retrieved": 30.86,
          "avg_relevant": 9.86,
          "recall@1": 0.214,
          "recall@3": 0.167,
          "recall@5": 0.157,
          "precision": 0.319,
          "mrr": 0.388,
          "coverage": 1.0,
          "zero_recall_count": 0
        },
        "0.1": {
          "avg_retrieved": 29.57,
          "avg_relevant": 8.86,
          "recall@1": 0.214,
          "recall@3": 0.167,
          "recall@5": 0.157,
          "precision": 0.3,
          "mrr": 0.388,
          "coverage": 1.0,
          "zero_recall_count": 0
        },
        "0.15": {
          "avg_retrieved": 26.0,
          "avg_relevant": 6.86,
          "recall@1": 0.214,
          "recall@3": 0.167,
          "recall@5": 0.157,
          "precision": 0.264,
          "mrr": 0.388,
          "coverage": 1.0,
          "zero_recall_count": 0
        },
        "0.2": {
          "avg_retrieved": 20.79,
          "avg_relevant": 4.57,
          "recall@1": 0.214,
          "recall@3": 0.167,
          "recall@5": 0.143,
          "precision": 0.22,
          "mrr": 0.388,
          "coverage": 1.0,
          "zero_recall_count": 0
        },
        "0.25": {
          "avg_retrieved": 14.43,
          "avg_relevant": 3.14,
          "recall@1": 0.214,
          "recall@3": 0.143,
          "recall@5": 0.114,
          "precision": 0.218,
          "mrr": 0.368,
          "coverage": 1.0,
          "zero_recall_count": 0
        },
        "0.3": {
          "avg_retrieved": 6.43,
          "avg_relevant": 1.14,
          "recall@1": 0.143,
          "recall@3": 0.119,
          "recall@5": 0.086,
          "precision": 0.178,
          "mrr": 0.296,
          "coverage": 0.929,
          "zero_recall_count": 1
        },
        "0.35": {
          "avg_retrieved": 2.5,
          "avg_relevant": 0.21,
          "recall@1": 0.071,
          "recall@3": 0.048,
          "recall@5": 0.029,
          "precision": 0.086,
          "mrr": 0.107,
          "coverage": 0.714,
          "zero_recall_count": 4
        },
        "0.4": {
          "avg_retrieved": 0.64,
          "avg_relevant": 0.0,
          "recall@1": 0.0,
          "recall@3": 0.0,
          "recall@5": 0.0,
          "precision": 0.0,
          "mrr": 0.0,
          "coverage": 0.429,
          "zero_recall_count": 8
        },
        "0.45": {
          "avg_retrieved": 0.21,
          "avg_relevant": 0.0,
          "recall@1": 0.0,
          "recall@3": 0.0,
          "recall@5": 0.0,
          "precision": 0.0,
          "mrr": 0.0,
          "coverage": 0.214,
          "zero_recall_count": 11
        },
        "0.5": {
          "avg_retrieved": 0.07,
          "avg_relevant": 0.0,
          "recall@1": 0.0,
          "recall@3": 0.0,
          "recall@5": 0.0,
          "precision": 0.0,
          "mrr": 0.0,
          "coverage": 0.071,
          "zero_recall_count": 13
        }
      },
      "question_breakdown": []
    }
  },
  "kitchen_22": {
    "embedding_stats": {
      "goal_embeddings": {
        "count": 22,
        "dimension": 3072,
        "norm_mean": 0.9999999899317504,
        "norm_std": 1.3166691000102982e-10,
        "internal_similarity": {
          "min": 0.255607663150017,
          "max": 0.7535364365864722,
          "mean": 0.47125166966645626,
          "std": 0.09883435282986791,
          "p50": 0.4622282282273431,
          "p75": 0.5307077222104497,
          "p90": 0.616457499959559,
          "p95": 0.6503330925216804
        }
      },
      "step_embeddings": {
        "count": 22,
        "dimension": 3072,
        "norm_mean": 0.9999999884996577,
        "norm_std": 1.33645157028835e-09,
        "internal_similarity": {
          "min": 0.22410238089481704,
          "max": 0.7946358954584583,
          "mean": 0.4932782479849629,
          "std": 0.10565201430704575,
          "p50": 0.49550779025782166,
          "p75": 0.57789352000128,
          "p90": 0.6314004998095137,
          "p95": 0.663791872596224
        }
      }
    },
    "retrieval_metrics": {
      "threshold_analysis": {
        "0.0": {
          "avg_retrieved": 22.0,
          "avg_relevant": 3.0,
          "recall@1": 0.143,
          "recall@3": 0.095,
          "recall@5": 0.1,
          "precision": 0.136,
          "mrr": 0.277,
          "coverage": 1.0,
          "zero_recall_count": 0
        },
        "0.05": {
          "avg_retrieved": 22.0,
          "avg_relevant": 3.0,
          "recall@1": 0.143,
          "recall@3": 0.095,
          "recall@5": 0.1,
          "precision": 0.136,
          "mrr": 0.277,
          "coverage": 1.0,
          "zero_recall_count": 0
        },
        "0.1": {
          "avg_retrieved": 20.86,
          "avg_relevant": 2.93,
          "recall@1": 0.143,
          "recall@3": 0.095,
          "recall@5": 0.1,
          "precision": 0.14,
          "mrr": 0.277,
          "coverage": 1.0,
          "zero_recall_count": 0
        },
        "0.15": {
          "avg_retrieved": 19.07,
          "avg_relevant": 2.5,
          "recall@1": 0.143,
          "recall@3": 0.048,
          "recall@5": 0.057,
          "precision": 0.131,
          "mrr": 0.241,
          "coverage": 0.929,
          "zero_recall_count": 1
        },
        "0.2": {
          "avg_retrieved": 16.0,
          "avg_relevant": 2.0,
          "recall@1": 0.143,
          "recall@3": 0.048,
          "recall@5": 0.057,
          "precision": 0.125,
          "mrr": 0.228,
          "coverage": 0.929,
          "zero_recall_count": 1
        },
        "0.25": {
          "avg_retrieved": 10.29,
          "avg_relevant": 1.0,
          "recall@1": 0.143,
          "recall@3": 0.048,
          "recall@5": 0.057,
          "precision": 0.097,
          "mrr": 0.215,
          "coverage": 0.929,
          "zero_recall_count": 1
        },
        "0.3": {
          "avg_retrieved": 5.86,
          "avg_relevant": 0.5,
          "recall@1": 0.143,
          "recall@3": 0.048,
          "recall@5": 0.057,
          "precision": 0.085,
          "mrr": 0.193,
          "coverage": 0.929,
          "zero_recall_count": 1
        },
        "0.35": {
          "avg_retrieved": 2.29,
          "avg_relevant": 0.07,
          "recall@1": 0.0,
          "recall@3": 0.0,
          "recall@5": 0.014,
          "precision": 0.031,
          "mrr": 0.014,
          "coverage": 0.643,
          "zero_recall_count": 5
        },
        "0.4": {
          "avg_retrieved": 0.86,
          "avg_relevant": 0.0,
          "recall@1": 0.0,